Designator,Status,Tech,Value,Footprint,X (mm),Y (mm),Rotation (corrected),Rotation (raw KiCad)
BZ1,THT,THT,BUZZ,BUZZ_ROUND,32.0001,81.0004,0,0
C1,SMT,SMD,100n,0805,26.0001,13.0004,90,0
C2,SMT,SMD,100n,0805,24.0001,13.0004,90,0
C3,THT,THT,1000u,CAE_5MM,48.0001,9.0004,270,270
C4,SMT,SMD,100n,0805,42.3001,41.7004,0,270
C5,SMT,SMD,10n,0805,86.0001,51.0004,180,90
C6,SMT,SMD,10n,0805,86.0001,63.0004,180,90
C7,SMT,SMD,100n,0805,86.0001,49.0004,180,90
C8,SMT,SMD,2u2,0805,16.0001,56.0004,90,0
C9,SMT,SMD,100n,0805,16.0001,46.0004,90,0
C10,SMT,SMD,100n,0805,16.0001,66.0004,90,0
C11,SMT,SMD,100n,0805,12.0001,77.0004,270,180
C12,SMT,SMD,100n,0805,31.0001,58.0004,270,180
C13,SMT,SMD,470n,0805,24.0001,77.0004,270,180
C16,SMT,SMD,100n,0805,4.0001,15.0004,90,0
C17,SMT,SMD,100n,0805,10.0001,8.0004,90,0
C18,THT,THT,1000u,CAE_5MM,9.0001,27.0004,180,180
C21,SMT,SMD,100n,0805,86.0001,57.0004,180,90
D1,SMT,SMD,GF1G,DIO$2F$GF1G,14.0001,14.0799,270,270
D2,SMT,SMD,24V,SOT23,85.9366,76.0004,90,270
D3,THT,THT,1N4004,DIODE_R4_BIG,64.0001,36.5804,90,90
D4,THT,THT,1N4004,DIODE_R4_BIG,80.0001,36.5804,90,90
D5,THT,THT,1N4004,DIODE_R4_BIG,96.0801,36.5804,90,90
D6,THT,THT,1N4004,DIODE_R4_BIG,31.0001,36.5804,90,90
D7,SMT,SMD,16V,SOT23,36.9366,13.0004,90,270
D8,SMT,SMD,24V,SOT23,85.9366,84.0004,90,270
F1,THT,THT,Poly Fuse 8A RGEF800,FUSE_TE5,58.0001,7.0004,90,90
HO1,mounting-hole,THT,"3, 4 & 5 mm",HOLE3MM,3.0001,3.0004,0,0
HO2,mounting-hole,THT,"3, 4 & 5 mm",HOLE3MM,97.0001,3.0004,0,0
HO3,mounting-hole,THT,"3, 4 & 5 mm",HOLE3MM,97.0001,87.0004,0,0
HO4,mounting-hole,THT,"3, 4 & 5 mm",HOLE3MM,3.0001,87.0004,0,0
IC4,SMT,THT,LM317T,TO-220-DPAK-COMBO,23.5751,26.6504,0,0
J1,THT,THT,PHOENIX/MKDS4,PHOENIX$2F$MC4,71.7151,6.0004,0,0
J2,THT,THT,PHOENIX/MKDS2,PHOENIX$2F$MC2,87.9051,6.0004,0,0
J3,THT,THT,PHOENIX/MKDS4,PHOENIX$2F$MC4,93.0001,55.7154,90,90
J4,THT,THT,PHOENIX/MC2,PHOENIX$2F$MC2,17.9051,6.0004,0,0
J5,THT,THT,JP1,PINSTRIP2,27.7301,4.0004,180,180
J6,THT,THT,JP1,PINSTRIP2,7.2701,71.0004,0,0
J7,THT,THT,JP1,PINSTRIP2,7.2701,61.0004,0,0
J8,THT,THT,JP1,PINSTRIP2,7.2701,51.0004,0,0
J9,THT,THT,JP1,PINSTRIP2,93.0001,78.2704,90,90
J10,THT,THT,JP1,PINSTRIP2,8.2701,37.0004,0,0
J11,THT,THT,JP1,PINSTRIP2,93.0001,70.2704,90,90
J12,THT,THT,JP1,PINSTRIP2,7.2701,77.0004,0,0
J13,THT,THT,JP4_S,PINSTRIP4,34.0001,54.8104,90,90
L1,SMT,SMD,FB 600R,1206,7.0001,14.0004,270,180
LD1,SMT,SMD,LED,LED_0805,77.0001,84.0004,90,0
MOD1,socketed,THT,Arduino NANO v3.3,NANO,51.3801,68.7804,180,180
Q1,SMT,SMD,AO3400A,SOT23,85.9366,72.0004,90,270
Q2,SMT,THT,RFP40N10,TO-220-DPAK-COMBO,56.5751,26.6504,0,0
Q3,SMT,THT,RFP40N10,TO-220-DPAK-COMBO,72.5751,26.6504,0,0
Q4,SMT,THT,AOD413A,TO-220-DPAK-COMBO,38.5751,26.6504,0,0
Q5,SMT,THT,RFP40N10,TO-220-DPAK-COMBO,88.5751,26.6504,0,0
Q6,SMT,SMD,AO3400A,SOT23,32.5001,16.8639,0,180
Q7,SMT,SMD,AO3400A,SOT23,85.9366,80.0004,90,270
Q8,SMT,SMD,2N7002,SOT23,22.9366,82.0004,90,270
R1,SMT,SMD,10k,0805,50.0001,20.0004,270,180
R2,SMT,SMD,10k,0805,66.0001,20.0004,270,180
R3,SMT,SMD,10k,0805,82.0001,20.0004,270,180
R4,SMT,SMD,4k7,0805,41.0001,13.0004,90,0
R5,SMT,SMD,47R,0805,32.5001,13.0004,90,0
R6,SMT,SMD,10k,0805,31.8001,20.1004,180,90
R7,SMT,SMD,240R,0805,21.0001,13.0004,270,180
R8,SMT,SMD,1k33,0805,19.0001,13.0004,270,180
R9,SMT,SMD,10k,0805,86.0001,53.0004,0,270
R10,SMT,SMD,10k,0805,86.0001,55.0004,0,270
R11,SMT,SMD,10k,0805,86.0001,61.0004,0,270
R12,SMT,SMD,10k,0805,86.0001,59.0004,0,270
R13,DNP,SMD,na,0805,14.0001,66.0004,90,0
R14,DNP,SMD,na,0805,8.0001,66.0004,90,0
R15,SMT,SMD,10k,0805,10.0001,66.0004,90,0
R16,DNP,SMD,na,0805,10.0001,56.0004,90,0
R17,DNP,SMD,na,0805,8.0001,56.0004,90,0
R18,SMT,SMD,10k,0805,14.0001,56.0004,90,0
R19,SMT,SMD,2R2,1206,10.0001,14.0004,90,0
R20,SMT,SMD,1k,0805,6.0001,56.0004,90,0
R21,SMT,SMD,1k,0805,75.0001,84.0004,270,180
R22,SMT,SMD,18k,0805,12.0001,56.0004,90,0
R23,SMT,SMD,10k,0805,10.0001,46.0004,90,0
R24,DNP,SMD,na,0805,8.0001,46.0004,90,0
R25,SMT,SMD,10k,0805,12.0001,66.0004,90,0
R26,DNP,SMD,na,0805,6.0001,66.0004,90,0
R27,DNP,SMD,na,0805,14.0001,46.0004,90,0
R28,DNP,SMD,na,0805,6.0001,46.0004,90,0
R29,SMT,SMD,10k,0805,12.0001,46.0004,90,0
R30,SMT,SMD,1k,0805,97.0001,69.0004,180,90
R31,SMT,SMD,1k,0805,97.0001,77.0004,180,90
R32,SMT,SMD,10k,0805,16.0001,77.0004,90,0
R33,SMT,SMD,10k,0805,14.0001,77.0004,90,0
R34,SMT,SMD,4k7,0805,31.0001,52.0004,270,180
R35,SMT,SMD,4k7,0805,29.0001,52.0004,270,180
R36,SMT,SMD,100R,0805,22.0001,77.0004,270,180
R37,SMT,SMD,10k,0805,19.0001,82.0004,270,180
R38,SMT,SMD,10k,0805,82.0001,80.0004,270,180
R39,SMT,SMD,10k,0805,82.0001,72.0004,270,180
